Truth_SAT,Truth_UNSAT,#variables,#constr,#clauses,#card.constr,#PB.constr,min.length.constr,max.length.constr,biggest.coef,biggest.sum.coef,Category_DEC-SMALLINT-Handmade-Graph,Category_DEC-SMALLINT-Handmade-Numerical,Category_DEC-SMALLINT-Handmade-Pigeon Hole,Category_DEC-SMALLINT-Handmade-PPP,Category_DEC-SMALLINT-Handmade-Queens Problems,Category_DEC-SMALLINT-Handmade-Traveling Salesperson Problem,Category_DEC-SMALLINT-Handmade-Travelling Tournament Problem,Category_DEC-SMALLINT-Industrial-FPGA,Category_DEC-SMALLINT-Industrial-UCLID,Category_DEC-SMALLINT-LIN,class
1,0,1,1,1,0,0,1,1,1,2,0,0,0,0,0,0,0,0,0,1,1
1,0,16214,50734,50470,0,264,1,67,57,439,0,0,0,0,0,0,0,0,0,1,1
0,1,29282,92908,92428,0,480,1,93,32,554,0,0,0,0,0,0,0,0,0,1,0
0,1,21054,66352,66008,0,344,1,93,46,599,0,0,0,0,0,0,0,0,0,1,0
1,0,27346,86712,86264,0,448,1,35,14,210,0,0,0,0,0,0,0,0,0,1,1
1,0,48642,155800,155000,0,800,1,120,22,684,0,0,0,0,0,0,0,0,0,1,1
1,0,32912,109489,108949,0,540,1,36,15,213,0,0,0,0,0,0,0,0,0,1,1
1,0,26620,88108,87672,0,436,1,32,16,217,0,0,0,0,0,0,0,0,0,1,1
0,1,23958,79333,78941,0,392,1,38,22,225,0,0,0,0,0,0,0,0,0,1,0
0,1,32912,109848,109308,0,540,1,66,18,428,0,0,0,0,0,0,0,0,0,1,0
0,1,27588,91561,91109,0,452,1,66,21,415,0,0,0,0,0,0,0,0,0,1,0
0,1,32186,107047,106519,0,528,1,93,26,561,0,0,0,0,0,0,0,0,0,1,0
0,1,31460,104814,104298,0,516,1,95,25,534,0,0,0,0,0,0,0,0,0,1,0
1,0,21538,67936,67584,0,352,1,34,19,192,0,0,0,0,0,0,0,0,0,1,1
1,0,26136,86824,86396,0,428,1,95,33,582,0,0,0,0,0,0,0,0,0,1,1
1,0,23232,76633,76253,0,380,1,96,45,571,0,0,0,0,0,0,0,0,0,1,1
1,0,55660,186884,185968,0,916,1,120,20,689,0,0,0,0,0,0,0,0,0,1,1
1,0,57354,192702,191758,0,944,1,120,20,754,0,0,0,0,0,0,0,0,0,1,1
1,0,39204,130975,130331,0,644,1,120,27,714,0,0,0,0,0,0,0,0,0,1,1
0,1,29040,96434,95958,0,476,1,120,40,740,0,0,0,0,0,0,0,0,0,1,0
0,1,28072,97590,97130,0,460,1,36,13,231,0,0,0,0,0,0,0,0,0,1,0
1,0,24200,83750,83354,0,396,1,33,22,206,0,0,0,0,0,0,0,0,0,1,1
0,1,30492,105829,105329,0,500,1,68,25,421,0,0,0,0,0,0,0,0,0,1,0
0,1,22264,70239,69875,0,364,1,34,28,210,0,0,0,0,0,0,0,0,0,1,0
0,1,37752,131628,131008,0,620,1,96,21,531,0,0,0,0,0,0,0,0,0,1,0
0,1,57354,201250,200306,0,944,1,120,17,677,0,0,0,0,0,0,0,0,0,1,0
1,0,35332,122962,122382,0,580,1,120,32,709,0,0,0,0,0,0,0,0,0,1,1
0,1,22022,69222,68862,0,360,1,68,32,379,0,0,0,0,0,0,0,0,0,1,0
1,0,21296,66999,66651,0,348,1,65,39,389,0,0,0,0,0,0,0,0,0,1,1
0,1,3844,11854,11610,0,244,1,13,15,99,0,0,0,0,0,0,0,0,0,1,0
1,0,3596,11581,11353,0,228,1,12,31,112,0,0,0,0,0,0,0,0,0,1,1
1,0,3348,10816,10604,0,212,1,17,34,135,0,0,0,0,0,0,0,0,0,1,1
1,0,5828,19158,18786,0,372,1,27,14,178,0,0,0,0,0,0,0,0,0,1,1
1,0,5952,19548,19168,0,380,1,26,15,161,0,0,0,0,0,0,0,0,0,1,1
1,0,4154,13519,13255,0,264,1,25,26,167,0,0,0,0,0,0,0,0,0,1,1
1,0,5766,18893,18525,0,368,1,30,17,197,0,0,0,0,0,0,0,0,0,1,1
0,1,4960,16157,15841,0,316,1,30,19,201,0,0,0,0,0,0,0,0,0,1,0
1,0,3844,12376,12132,0,244,1,30,32,216,0,0,0,0,0,0,0,0,0,1,1
1,0,5022,17060,16740,0,320,1,16,12,106,0,0,0,0,0,0,0,0,0,1,1
0,1,4836,16649,16341,0,308,1,26,15,166,0,0,0,0,0,0,0,0,0,1,0
0,1,3968,13430,13178,0,252,1,30,25,187,0,0,0,0,0,0,0,0,0,1,0
1,0,2790,9355,9179,0,176,1,30,34,236,0,0,0,0,0,0,0,0,0,1,1
0,1,2728,8382,8210,0,172,1,17,32,143,0,0,0,0,0,0,0,0,0,1,0
1,0,2976,9039,8851,0,188,1,17,40,127,0,0,0,0,0,0,0,0,0,1,1
0,1,5456,17015,16667,0,348,1,26,16,177,0,0,0,0,0,0,0,0,0,1,0
1,0,3968,12403,12151,0,252,1,24,16,171,0,0,0,0,0,0,0,0,0,1,1
0,1,7564,23412,23168,0,244,1,50,44,333,0,0,0,0,0,0,0,0,0,1,0
0,1,12322,38967,38567,0,400,1,60,25,394,0,0,0,0,0,0,0,0,0,1,0
1,0,9272,28866,28566,0,300,1,60,52,391,0,0,0,0,0,0,0,0,0,1,1
1,0,9516,31278,30970,0,308,1,18,18,120,0,0,0,0,0,0,0,0,0,1,1
1,0,7930,25932,25676,0,256,1,35,28,206,0,0,0,0,0,0,0,0,0,1,1
0,1,7320,23840,23604,0,236,1,48,44,309,0,0,0,0,0,0,0,0,0,1,0
0,1,6466,19939,19731,0,208,1,19,22,112,0,0,0,0,0,0,0,0,0,1,0
0,1,11956,39426,39038,0,388,1,60,33,416,0,0,0,0,0,0,0,0,0,1,0
0,1,8418,26241,25969,0,272,1,18,23,119,0,0,0,0,0,0,0,0,0,1,0
0,1,12200,42056,41660,0,396,1,18,13,116,0,0,0,0,0,0,0,0,0,1,0
1,0,8784,30004,29720,0,284,1,17,21,116,0,0,0,0,0,0,0,0,0,1,1
1,0,10614,36312,35968,0,344,1,34,41,236,0,0,0,0,0,0,0,0,0,1,1
1,0,16348,56848,56316,0,532,1,50,16,270,0,0,0,0,0,0,0,0,0,1,1
1,0,7686,26213,25965,0,248,1,60,56,405,0,0,0,0,0,0,0,0,0,1,1
0,1,9638,30220,29908,0,312,1,38,20,254,0,0,0,0,0,0,0,0,0,1,0
0,1,9272,29174,28874,0,300,1,35,18,231,0,0,0,0,0,0,0,0,0,1,0
1,0,9272,29130,28830,0,300,1,32,16,200,0,0,0,0,0,0,0,0,0,1,1
0,1,7320,22689,22453,0,236,1,32,31,220,0,0,0,0,0,0,0,0,0,1,0
0,1,16744,52975,52611,0,364,1,72,41,413,0,0,0,0,0,0,0,0,0,1,0
1,0,14924,46875,46551,0,324,1,75,36,435,0,0,0,0,0,0,0,0,0,1,1
0,1,12922,40512,40232,0,280,1,69,102,504,0,0,0,0,0,0,0,0,0,1,0
1,0,15288,48064,47732,0,332,1,69,88,472,0,0,0,0,0,0,0,0,0,1,1
0,1,16198,50975,50623,0,352,1,90,51,588,0,0,0,0,0,0,0,0,0,1,0
0,1,14196,44553,44245,0,308,1,90,66,565,0,0,0,0,0,0,0,0,0,1,0
1,0,18200,60215,59819,0,396,1,69,56,461,0,0,0,0,0,0,0,0,0,1,1
0,1,13832,45398,45098,0,300,1,73,68,479,0,0,0,0,0,0,0,0,0,1,0
0,1,11830,36862,36606,0,256,1,29,36,203,0,0,0,0,0,0,0,0,0,1,0
0,1,17836,61428,61040,0,388,1,25,28,185,0,0,0,0,0,0,0,0,0,1,0
0,1,18928,65252,64840,0,412,1,26,23,163,0,0,0,0,0,0,0,0,0,1,0
0,1,15106,51849,51521,0,328,1,50,42,335,0,0,0,0,0,0,0,0,0,1,0
1,0,19292,66786,66366,0,420,1,74,33,422,0,0,0,0,0,0,0,0,0,1,1
1,0,16744,57767,57403,0,364,1,72,50,458,0,0,0,0,0,0,0,0,0,1,1
0,1,15106,51743,51415,0,328,1,90,105,658,0,0,0,0,0,0,0,0,0,1,0
1,0,15834,49853,49509,0,344,1,51,44,358,0,0,0,0,0,0,0,0,0,1,1
0,1,10920,34033,33797,0,236,1,50,60,345,0,0,0,0,0,0,0,0,0,1,0
0,1,220,42,22,20,0,10,11,1,12,0,0,0,0,0,0,0,1,0,0,0
0,1,300,50,30,20,0,10,15,1,16,0,0,0,0,0,0,0,1,0,0,0
0,1,400,60,40,20,0,10,20,1,21,0,0,0,0,0,0,0,1,0,0,0
0,1,480,62,32,30,0,15,16,1,17,0,0,0,0,0,0,0,1,0,0,0
0,1,600,70,40,30,0,15,20,1,21,0,0,0,0,0,0,0,1,0,0,0
0,1,750,80,50,30,0,15,25,1,26,0,0,0,0,0,0,0,1,0,0,0
0,1,840,82,42,40,0,20,21,1,22,0,0,0,0,0,0,0,1,0,0,0
0,1,1000,90,50,40,0,20,25,1,26,0,0,0,0,0,0,0,1,0,0,0
0,1,1200,100,60,40,0,20,30,1,31,0,0,0,0,0,0,0,1,0,0,0
0,1,1860,122,62,60,0,30,31,1,32,0,0,0,0,0,0,0,1,0,0,0
0,1,2100,130,70,60,0,30,35,1,36,0,0,0,0,0,0,0,1,0,0,0
0,1,2400,140,80,60,0,30,40,1,41,0,0,0,0,0,0,0,1,0,0,0
0,1,2520,142,72,70,0,35,36,1,37,0,0,0,0,0,0,0,1,0,0,0
0,1,2800,150,80,70,0,35,40,1,41,0,0,0,0,0,0,0,1,0,0,0
0,1,3150,160,90,70,0,35,45,1,46,0,0,0,0,0,0,0,1,0,0,0
0,1,3280,162,82,80,0,40,41,1,42,0,0,0,0,0,0,0,1,0,0,0
0,1,3600,170,90,80,0,40,45,1,46,0,0,0,0,0,0,0,1,0,0,0
0,1,4000,180,100,80,0,40,50,1,51,0,0,0,0,0,0,0,1,0,0,0
0,1,5100,202,102,100,0,50,51,1,52,0,0,0,0,0,0,0,1,0,0,0
0,1,5500,210,110,100,0,50,55,1,56,0,0,0,0,0,0,0,1,0,0,0
0,1,6000,220,120,100,0,50,60,1,61,0,0,0,0,0,0,0,1,0,0,0
1,0,150,130,110,20,0,5,10,1,11,0,0,0,0,0,0,0,1,0,0,1
1,0,120,106,88,18,0,5,10,1,11,0,0,0,0,0,0,0,1,0,0,1
1,0,135,118,99,19,0,5,10,1,11,0,0,0,0,0,0,0,1,0,0,1
1,0,165,141,120,21,0,5,11,1,12,0,0,0,0,0,0,0,1,0,0,1
1,0,182,154,132,22,0,5,11,1,12,0,0,0,0,0,0,0,1,0,0,1
1,0,149,128,108,20,0,5,11,1,12,0,0,0,0,0,0,0,1,0,0,1
1,0,180,152,130,22,0,6,12,1,13,0,0,0,0,0,0,0,1,0,0,1
1,0,198,166,143,23,0,6,12,1,13,0,0,0,0,0,0,0,1,0,0,1
1,0,216,180,156,24,0,6,12,1,13,0,0,0,0,0,0,0,1,0,0,1
1,0,215,178,154,24,0,6,13,1,14,0,0,0,0,0,0,0,1,0,0,1
1,0,234,193,168,25,0,6,13,1,14,0,0,0,0,0,0,0,1,0,0,1
1,0,254,208,182,26,0,6,13,1,14,0,0,0,0,0,0,0,1,0,0,1
1,0,252,206,180,26,0,7,14,1,15,0,0,0,0,0,0,0,1,0,0,1
1,0,273,222,195,27,0,7,14,1,15,0,0,0,0,0,0,0,1,0,0,1
1,0,294,238,210,28,0,7,14,1,15,0,0,0,0,0,0,0,1,0,0,1
1,0,293,236,208,28,0,7,15,1,16,0,0,0,0,0,0,0,1,0,0,1
1,0,315,253,224,29,0,7,15,1,16,0,0,0,0,0,0,0,1,0,0,1
1,0,338,270,240,30,0,7,15,1,16,0,0,0,0,0,0,0,1,0,0,1
1,0,540,416,378,38,0,10,20,1,21,0,0,0,0,0,0,0,1,0,0,1
1,0,570,438,399,39,0,10,20,1,21,0,0,0,0,0,0,0,1,0,0,1
1,0,600,460,420,40,0,10,20,1,21,0,0,0,0,0,0,0,1,0,0,1
1,0,863,646,598,48,0,12,25,1,26,0,0,0,0,0,0,0,1,0,0,1
1,0,900,673,624,49,0,12,25,1,26,0,0,0,0,0,0,0,1,0,0,1
1,0,938,700,650,50,0,12,25,1,26,0,0,0,0,0,0,0,1,0,0,1
1,0,1260,926,868,58,0,15,30,1,31,0,0,0,0,0,0,0,1,0,0,1
1,0,1305,958,899,59,0,15,30,1,31,0,0,0,0,0,0,0,1,0,0,1
1,0,1350,990,930,60,0,15,30,1,31,0,0,0,0,0,0,0,1,0,0,1
1,0,1733,1256,1188,68,0,17,35,1,36,0,0,0,0,0,0,0,1,0,0,1
1,0,1785,1293,1224,69,0,17,35,1,36,0,0,0,0,0,0,0,1,0,0,1
1,0,1838,1330,1260,70,0,17,35,1,36,0,0,0,0,0,0,0,1,0,0,1
1,0,2280,1636,1558,78,0,20,40,1,41,0,0,0,0,0,0,0,1,0,0,1
1,0,2340,1678,1599,79,0,20,40,1,41,0,0,0,0,0,0,0,1,0,0,1
1,0,2400,1720,1640,80,0,20,40,1,41,0,0,0,0,0,0,0,1,0,0,1
1,0,2903,2066,1978,88,0,22,45,1,46,0,0,0,0,0,0,0,1,0,0,1
1,0,2970,2113,2024,89,0,22,45,1,46,0,0,0,0,0,0,0,1,0,0,1
1,0,3038,2160,2070,90,0,22,45,1,46,0,0,0,0,0,0,0,1,0,0,1
1,0,1600,328901,327070,61,1770,2,700,268,789,1,0,0,0,0,0,0,0,0,0,1
1,0,1600,328901,327070,61,1770,2,700,280,825,1,0,0,0,0,0,0,0,0,0,1
1,0,1600,328901,327070,61,1770,2,700,282,831,1,0,0,0,0,0,0,0,0,0,1
1,0,1600,328901,327070,61,1770,2,700,258,759,1,0,0,0,0,0,0,0,0,0,1
1,0,1600,328901,327070,61,1770,2,700,302,891,1,0,0,0,0,0,0,0,0,0,1
1,0,2800,990001,986760,81,3160,2,1200,338,1239,1,0,0,0,0,0,0,0,0,0,1
1,0,2800,990001,986760,81,3160,2,1200,368,1239,1,0,0,0,0,0,0,0,0,0,1
1,0,2800,990001,986760,81,3160,2,1200,336,1239,1,0,0,0,0,0,0,0,0,0,1
1,0,2800,990001,986760,81,3160,2,1200,350,1239,1,0,0,0,0,0,0,0,0,0,1
1,0,2800,990001,986760,81,3160,2,1200,344,1239,1,0,0,0,0,0,0,0,0,0,1
1,0,4500,2559501,2554450,101,4950,2,2000,420,2049,1,0,0,0,0,0,0,0,0,0,1
1,0,4500,2559501,2554450,101,4950,2,2000,450,2049,1,0,0,0,0,0,0,0,0,0,1
1,0,4500,2559501,2554450,101,4950,2,2000,466,2049,1,0,0,0,0,0,0,0,0,0,1
1,0,4500,2559501,2554450,101,4950,2,2000,480,2049,1,0,0,0,0,0,0,0,0,0,1
1,0,4500,2559501,2554450,101,4950,2,2000,462,2049,1,0,0,0,0,0,0,0,0,0,1
1,0,1650,113164,112614,550,0,3,5,4,9,0,1,0,0,0,0,0,0,0,0,1
1,0,4500,674250,672750,1500,0,3,6,5,11,0,1,0,0,0,0,0,0,0,0,1
1,0,1440,86040,85680,360,0,4,4,3,7,0,1,0,0,0,0,0,0,0,0,1
1,0,3750,467625,466875,750,0,4,5,3,7,0,1,0,0,0,0,0,0,0,0,1
1,0,1020,43010,42840,170,0,3,6,2,7,0,1,0,0,0,0,0,0,0,0,1
1,0,231,2707,2684,22,1,2,110,25,653,0,0,0,0,0,1,0,0,0,0,1
0,1,231,2707,2684,22,1,2,110,25,741,0,0,0,0,0,1,0,0,0,0,0
0,1,231,2707,2684,22,1,2,110,25,671,0,0,0,0,0,1,0,0,0,0,0
0,1,231,2707,2684,22,1,2,110,25,723,0,0,0,0,0,1,0,0,0,0,0
0,1,231,2707,2684,22,1,2,110,25,689,0,0,0,0,0,1,0,0,0,0,0
1,0,231,2707,2684,22,1,2,110,25,661,0,0,0,0,0,1,0,0,0,0,1
1,0,231,2707,2684,22,1,2,110,25,745,0,0,0,0,0,1,0,0,0,0,1
0,1,231,2707,2684,22,1,2,110,25,721,0,0,0,0,0,1,0,0,0,0,0
1,0,231,2707,2684,22,1,2,110,25,747,0,0,0,0,0,1,0,0,0,0,1
1,0,231,2707,2684,22,1,2,110,25,655,0,0,0,0,0,1,0,0,0,0,1
1,0,231,2707,2684,22,1,2,110,25,695,0,0,0,0,0,1,0,0,0,0,1
0,1,231,2707,2684,22,1,2,110,25,625,0,0,0,0,0,1,0,0,0,0,0
1,0,231,2707,2684,22,1,2,110,25,647,0,0,0,0,0,1,0,0,0,0,1
0,1,231,2707,2684,22,1,2,110,25,665,0,0,0,0,0,1,0,0,0,0,0
0,1,231,2707,2684,22,1,2,110,25,687,0,0,0,0,0,1,0,0,0,0,0
0,1,231,2707,2684,22,1,2,110,25,745,0,0,0,0,0,1,0,0,0,0,0
0,1,231,2707,2684,22,1,2,110,25,687,0,0,0,0,0,1,0,0,0,0,0
0,1,231,2707,2684,22,1,2,110,25,727,0,0,0,0,0,1,0,0,0,0,0
1,0,231,2707,2684,22,1,2,110,25,703,0,0,0,0,0,1,0,0,0,0,1
0,1,231,2707,2684,22,1,2,110,25,779,0,0,0,0,0,1,0,0,0,0,0
0,1,231,2707,2684,22,1,2,110,25,739,0,0,0,0,0,1,0,0,0,0,0
1,0,231,2707,2684,22,1,2,110,25,663,0,0,0,0,0,1,0,0,0,0,1
1,0,231,2707,2684,22,1,2,110,25,663,0,0,0,0,0,1,0,0,0,0,1
0,1,231,2707,2684,22,1,2,110,25,715,0,0,0,0,0,1,0,0,0,0,0
0,1,231,2707,2684,22,1,2,110,25,723,0,0,0,0,0,1,0,0,0,0,0
1,0,231,2707,2684,22,1,2,110,25,609,0,0,0,0,0,1,0,0,0,0,1
0,1,231,2707,2684,22,1,2,110,25,695,0,0,0,0,0,1,0,0,0,0,0
1,0,231,2707,2684,22,1,2,110,25,655,0,0,0,0,0,1,0,0,0,0,1
1,0,231,2707,2684,22,1,2,110,25,601,0,0,0,0,0,1,0,0,0,0,1
1,0,231,2707,2684,22,1,2,110,25,661,0,0,0,0,0,1,0,0,0,0,1
1,0,231,2707,2684,22,1,2,110,25,669,0,0,0,0,0,1,0,0,0,0,1
0,1,231,2707,2684,22,1,2,110,25,689,0,0,0,0,0,1,0,0,0,0,0
0,1,231,2707,2684,22,1,2,110,25,723,0,0,0,0,0,1,0,0,0,0,0
0,1,231,2707,2684,22,1,2,110,25,709,0,0,0,0,0,1,0,0,0,0,0
1,0,231,2707,2684,22,1,2,110,25,593,0,0,0,0,0,1,0,0,0,0,1
1,0,231,2707,2684,22,1,2,110,25,585,0,0,0,0,0,1,0,0,0,0,1
0,1,231,2707,2684,22,1,2,110,25,689,0,0,0,0,0,1,0,0,0,0,0
0,1,231,2707,2684,22,1,2,110,25,717,0,0,0,0,0,1,0,0,0,0,0
0,1,231,2707,2684,22,1,2,110,25,815,0,0,0,0,0,1,0,0,0,0,0
0,1,231,2707,2684,22,1,2,110,25,649,0,0,0,0,0,1,0,0,0,0,0
1,0,231,2707,2684,22,1,2,110,25,691,0,0,0,0,0,1,0,0,0,0,1
1,0,231,2707,2684,22,1,2,110,25,647,0,0,0,0,0,1,0,0,0,0,1
1,0,231,2707,2684,22,1,2,110,25,659,0,0,0,0,0,1,0,0,0,0,1
0,1,231,2707,2684,22,1,2,110,25,625,0,0,0,0,0,1,0,0,0,0,0
0,1,231,2707,2684,22,1,2,110,25,625,0,0,0,0,0,1,0,0,0,0,0
1,0,231,2707,2684,22,1,2,110,25,565,0,0,0,0,0,1,0,0,0,0,1
1,0,231,2707,2684,22,1,2,110,25,719,0,0,0,0,0,1,0,0,0,0,1
0,1,231,2707,2684,22,1,2,110,25,765,0,0,0,0,0,1,0,0,0,0,0
0,1,231,2707,2684,22,1,2,110,25,665,0,0,0,0,0,1,0,0,0,0,0
0,1,231,2707,2684,22,1,2,110,25,719,0,0,0,0,0,1,0,0,0,0,0
0,1,231,2707,2684,22,1,2,110,25,705,0,0,0,0,0,1,0,0,0,0,0
1,0,231,2707,2684,22,1,2,110,25,609,0,0,0,0,0,1,0,0,0,0,1
0,1,231,2707,2684,22,1,2,110,25,813,0,0,0,0,0,1,0,0,0,0,0
1,0,231,2707,2684,22,1,2,110,25,709,0,0,0,0,0,1,0,0,0,0,1
0,1,231,2707,2684,22,1,2,110,25,685,0,0,0,0,0,1,0,0,0,0,0
1,0,231,2707,2684,22,1,2,110,25,661,0,0,0,0,0,1,0,0,0,0,1
0,1,231,2707,2684,22,1,2,110,25,801,0,0,0,0,0,1,0,0,0,0,0
1,0,231,2707,2684,22,1,2,110,25,613,0,0,0,0,0,1,0,0,0,0,1
1,0,231,2707,2684,22,1,2,110,25,587,0,0,0,0,0,1,0,0,0,0,1
1,0,231,2707,2684,22,1,2,110,25,715,0,0,0,0,0,1,0,0,0,0,1
0,1,231,2707,2684,22,1,2,110,25,755,0,0,0,0,0,1,0,0,0,0,0
0,1,231,2707,2684,22,1,2,110,25,761,0,0,0,0,0,1,0,0,0,0,0
1,0,231,2707,2684,22,1,2,110,25,679,0,0,0,0,0,1,0,0,0,0,1
0,1,231,2707,2684,22,1,2,110,25,669,0,0,0,0,0,1,0,0,0,0,0
0,1,231,2707,2684,22,1,2,110,25,721,0,0,0,0,0,1,0,0,0,0,0
0,1,231,2707,2684,22,1,2,110,25,711,0,0,0,0,0,1,0,0,0,0,0
1,0,231,2707,2684,22,1,2,110,25,657,0,0,0,0,0,1,0,0,0,0,1
0,1,231,2707,2684,22,1,2,110,25,723,0,0,0,0,0,1,0,0,0,0,0
0,1,231,2707,2684,22,1,2,110,25,749,0,0,0,0,0,1,0,0,0,0,0
1,0,231,2707,2684,22,1,2,110,25,639,0,0,0,0,0,1,0,0,0,0,1
0,1,231,2707,2684,22,1,2,110,25,761,0,0,0,0,0,1,0,0,0,0,0
0,1,231,2707,2684,22,1,2,110,25,713,0,0,0,0,0,1,0,0,0,0,0
0,1,231,2707,2684,22,1,2,110,25,693,0,0,0,0,0,1,0,0,0,0,0
0,1,231,2707,2684,22,1,2,110,25,701,0,0,0,0,0,1,0,0,0,0,0
0,1,231,2707,2684,22,1,2,110,25,671,0,0,0,0,0,1,0,0,0,0,0
1,0,231,2707,2684,22,1,2,110,25,669,0,0,0,0,0,1,0,0,0,0,1
1,0,231,2707,2684,22,1,2,110,25,663,0,0,0,0,0,1,0,0,0,0,1
0,1,231,2707,2684,22,1,2,110,25,667,0,0,0,0,0,1,0,0,0,0,0
0,1,231,2707,2684,22,1,2,110,25,697,0,0,0,0,0,1,0,0,0,0,0
0,1,231,2707,2684,22,1,2,110,25,733,0,0,0,0,0,1,0,0,0,0,0
1,0,231,2707,2684,22,1,2,110,25,639,0,0,0,0,0,1,0,0,0,0,1
0,1,231,2707,2684,22,1,2,110,25,671,0,0,0,0,0,1,0,0,0,0,0
1,0,231,2707,2684,22,1,2,110,25,637,0,0,0,0,0,1,0,0,0,0,1
0,1,231,2707,2684,22,1,2,110,25,661,0,0,0,0,0,1,0,0,0,0,0
0,1,231,2707,2684,22,1,2,110,25,677,0,0,0,0,0,1,0,0,0,0,0
0,1,231,2707,2684,22,1,2,110,25,641,0,0,0,0,0,1,0,0,0,0,0
1,0,231,2707,2684,22,1,2,110,25,627,0,0,0,0,0,1,0,0,0,0,1
0,1,231,2707,2684,22,1,2,110,25,683,0,0,0,0,0,1,0,0,0,0,0
1,0,231,2707,2684,22,1,2,110,25,741,0,0,0,0,0,1,0,0,0,0,1
0,1,231,2707,2684,22,1,2,110,25,651,0,0,0,0,0,1,0,0,0,0,0
0,1,231,2707,2684,22,1,2,110,25,737,0,0,0,0,0,1,0,0,0,0,0
0,1,231,2707,2684,22,1,2,110,25,689,0,0,0,0,0,1,0,0,0,0,0
0,1,231,2707,2684,22,1,2,110,25,655,0,0,0,0,0,1,0,0,0,0,0
1,0,231,2707,2684,22,1,2,110,25,691,0,0,0,0,0,1,0,0,0,0,1
1,0,231,2707,2684,22,1,2,110,25,645,0,0,0,0,0,1,0,0,0,0,1
0,1,231,2707,2684,22,1,2,110,25,695,0,0,0,0,0,1,0,0,0,0,0
0,1,231,2707,2684,22,1,2,110,25,707,0,0,0,0,0,1,0,0,0,0,0
0,1,231,2707,2684,22,1,2,110,25,641,0,0,0,0,0,1,0,0,0,0,0
0,1,231,2707,2684,22,1,2,110,25,671,0,0,0,0,0,1,0,0,0,0,0
1,0,231,2707,2684,22,1,2,110,25,683,0,0,0,0,0,1,0,0,0,0,1
0,1,169,101,30,70,1,2,169,38,1298,0,0,0,0,1,0,0,0,0,0,0
0,1,169,101,30,70,1,2,169,38,1237,0,0,0,0,1,0,0,0,0,0,0
0,1,169,101,30,70,1,2,169,38,1145,0,0,0,0,1,0,0,0,0,0,0
1,0,169,101,30,70,1,2,169,38,1162,0,0,0,0,1,0,0,0,0,0,1
0,1,169,101,30,70,1,2,169,38,1188,0,0,0,0,1,0,0,0,0,0,0
0,1,169,101,30,70,1,2,169,38,1318,0,0,0,0,1,0,0,0,0,0,0
0,1,169,101,30,70,1,2,169,38,1242,0,0,0,0,1,0,0,0,0,0,0
1,0,169,101,30,70,1,2,169,38,1276,0,0,0,0,1,0,0,0,0,0,1
0,1,169,101,30,70,1,2,169,38,1247,0,0,0,0,1,0,0,0,0,0,0
0,1,169,101,30,70,1,2,169,38,1261,0,0,0,0,1,0,0,0,0,0,0
0,1,169,101,30,70,1,2,169,38,1227,0,0,0,0,1,0,0,0,0,0,0
0,1,169,101,30,70,1,2,169,38,1255,0,0,0,0,1,0,0,0,0,0,0
0,1,169,101,30,70,1,2,169,38,1147,0,0,0,0,1,0,0,0,0,0,0
1,0,169,101,30,70,1,2,169,38,1252,0,0,0,0,1,0,0,0,0,0,1
1,0,169,101,30,70,1,2,169,38,1179,0,0,0,0,1,0,0,0,0,0,1
1,0,169,101,30,70,1,2,169,38,1155,0,0,0,0,1,0,0,0,0,0,1
0,1,169,101,30,70,1,2,169,38,1239,0,0,0,0,1,0,0,0,0,0,0
0,1,169,101,30,70,1,2,169,38,1320,0,0,0,0,1,0,0,0,0,0,0
1,0,169,101,30,70,1,2,169,38,1128,0,0,0,0,1,0,0,0,0,0,1
0,1,169,101,30,70,1,2,169,38,1228,0,0,0,0,1,0,0,0,0,0,0
0,1,169,101,30,70,1,2,169,38,1238,0,0,0,0,1,0,0,0,0,0,0
1,0,169,101,30,70,1,2,169,38,1210,0,0,0,0,1,0,0,0,0,0,1
0,1,169,101,30,70,1,2,169,38,1221,0,0,0,0,1,0,0,0,0,0,0
0,1,169,101,30,70,1,2,169,38,1209,0,0,0,0,1,0,0,0,0,0,0
1,0,169,101,30,70,1,2,169,38,1168,0,0,0,0,1,0,0,0,0,0,1
0,1,169,101,30,70,1,2,169,38,1215,0,0,0,0,1,0,0,0,0,0,0
0,1,169,101,30,70,1,2,169,38,1246,0,0,0,0,1,0,0,0,0,0,0
1,0,169,101,30,70,1,2,169,38,1193,0,0,0,0,1,0,0,0,0,0,1
0,1,169,101,30,70,1,2,169,38,1248,0,0,0,0,1,0,0,0,0,0,0
1,0,169,101,30,70,1,2,169,38,1216,0,0,0,0,1,0,0,0,0,0,1
0,1,169,101,30,70,1,2,169,38,1231,0,0,0,0,1,0,0,0,0,0,0
0,1,169,101,30,70,1,2,169,38,1266,0,0,0,0,1,0,0,0,0,0,0
1,0,169,101,30,70,1,2,169,38,1165,0,0,0,0,1,0,0,0,0,0,1
0,1,169,101,30,70,1,2,169,38,1221,0,0,0,0,1,0,0,0,0,0,0
1,0,169,101,30,70,1,2,169,38,1187,0,0,0,0,1,0,0,0,0,0,1
1,0,169,101,30,70,1,2,169,38,1149,0,0,0,0,1,0,0,0,0,0,1
0,1,169,101,30,70,1,2,169,38,1171,0,0,0,0,1,0,0,0,0,0,0
0,1,169,101,30,70,1,2,169,38,1294,0,0,0,0,1,0,0,0,0,0,0
0,1,169,101,30,70,1,2,169,38,1183,0,0,0,0,1,0,0,0,0,0,0
1,0,169,101,30,70,1,2,169,38,1129,0,0,0,0,1,0,0,0,0,0,1
0,1,169,101,30,70,1,2,169,38,1229,0,0,0,0,1,0,0,0,0,0,0
1,0,169,101,30,70,1,2,169,38,1187,0,0,0,0,1,0,0,0,0,0,1
0,1,169,101,30,70,1,2,169,38,1243,0,0,0,0,1,0,0,0,0,0,0
1,0,169,101,30,70,1,2,169,38,1205,0,0,0,0,1,0,0,0,0,0,1
0,1,169,101,30,70,1,2,169,38,1327,0,0,0,0,1,0,0,0,0,0,0
0,1,169,101,30,70,1,2,169,38,1184,0,0,0,0,1,0,0,0,0,0,0
0,1,169,101,30,70,1,2,169,38,1247,0,0,0,0,1,0,0,0,0,0,0
0,1,169,101,30,70,1,2,169,38,1210,0,0,0,0,1,0,0,0,0,0,0
0,1,169,101,30,70,1,2,169,38,1139,0,0,0,0,1,0,0,0,0,0,0
0,1,169,101,30,70,1,2,169,38,1230,0,0,0,0,1,0,0,0,0,0,0
0,1,169,101,30,70,1,2,169,38,1239,0,0,0,0,1,0,0,0,0,0,0
0,1,169,101,30,70,1,2,169,38,1199,0,0,0,0,1,0,0,0,0,0,0
1,0,169,101,30,70,1,2,169,38,1183,0,0,0,0,1,0,0,0,0,0,1
0,1,169,101,30,70,1,2,169,38,1200,0,0,0,0,1,0,0,0,0,0,0
0,1,169,101,30,70,1,2,169,38,1207,0,0,0,0,1,0,0,0,0,0,0
1,0,169,101,30,70,1,2,169,38,1228,0,0,0,0,1,0,0,0,0,0,1
1,0,169,101,30,70,1,2,169,38,1096,0,0,0,0,1,0,0,0,0,0,1
1,0,169,101,30,70,1,2,169,38,1172,0,0,0,0,1,0,0,0,0,0,1
0,1,169,101,30,70,1,2,169,38,1248,0,0,0,0,1,0,0,0,0,0,0
0,1,169,101,30,70,1,2,169,38,1222,0,0,0,0,1,0,0,0,0,0,0
0,1,169,101,30,70,1,2,169,38,1228,0,0,0,0,1,0,0,0,0,0,0
0,1,169,101,30,70,1,2,169,38,1154,0,0,0,0,1,0,0,0,0,0,0
0,1,169,101,30,70,1,2,169,38,1266,0,0,0,0,1,0,0,0,0,0,0
0,1,169,101,30,70,1,2,169,38,1202,0,0,0,0,1,0,0,0,0,0,0
0,1,169,101,30,70,1,2,169,38,1212,0,0,0,0,1,0,0,0,0,0,0
1,0,169,101,30,70,1,2,169,38,1177,0,0,0,0,1,0,0,0,0,0,1
0,1,169,101,30,70,1,2,169,38,1258,0,0,0,0,1,0,0,0,0,0,0
0,1,169,101,30,70,1,2,169,38,1259,0,0,0,0,1,0,0,0,0,0,0
0,1,169,101,30,70,1,2,169,38,1248,0,0,0,0,1,0,0,0,0,0,0
0,1,169,101,30,70,1,2,169,38,1248,0,0,0,0,1,0,0,0,0,0,0
0,1,169,101,30,70,1,2,169,38,1228,0,0,0,0,1,0,0,0,0,0,0
0,1,169,101,30,70,1,2,169,38,1248,0,0,0,0,1,0,0,0,0,0,0
1,0,169,101,30,70,1,2,169,38,1280,0,0,0,0,1,0,0,0,0,0,1
1,0,169,101,30,70,1,2,169,38,1247,0,0,0,0,1,0,0,0,0,0,1
1,0,169,101,30,70,1,2,169,38,1127,0,0,0,0,1,0,0,0,0,0,1
0,1,169,101,30,70,1,2,169,38,1262,0,0,0,0,1,0,0,0,0,0,0
0,1,169,101,30,70,1,2,169,38,1192,0,0,0,0,1,0,0,0,0,0,0
0,1,169,101,30,70,1,2,169,38,1227,0,0,0,0,1,0,0,0,0,0,0
0,1,169,101,30,70,1,2,169,38,1230,0,0,0,0,1,0,0,0,0,0,0
1,0,169,101,30,70,1,2,169,38,1208,0,0,0,0,1,0,0,0,0,0,1
1,0,169,101,30,70,1,2,169,38,1216,0,0,0,0,1,0,0,0,0,0,1
1,0,169,101,30,70,1,2,169,38,1147,0,0,0,0,1,0,0,0,0,0,1
1,0,169,101,30,70,1,2,169,38,1220,0,0,0,0,1,0,0,0,0,0,1
0,1,169,101,30,70,1,2,169,38,1314,0,0,0,0,1,0,0,0,0,0,0
0,1,169,101,30,70,1,2,169,38,1217,0,0,0,0,1,0,0,0,0,0,0
0,1,169,101,30,70,1,2,169,38,1261,0,0,0,0,1,0,0,0,0,0,0
1,0,169,101,30,70,1,2,169,38,1287,0,0,0,0,1,0,0,0,0,0,1
0,1,169,101,30,70,1,2,169,38,1264,0,0,0,0,1,0,0,0,0,0,0
0,1,169,101,30,70,1,2,169,38,1250,0,0,0,0,1,0,0,0,0,0,0
0,1,169,101,30,70,1,2,169,38,1240,0,0,0,0,1,0,0,0,0,0,0
0,1,169,101,30,70,1,2,169,38,1231,0,0,0,0,1,0,0,0,0,0,0
1,0,169,101,30,70,1,2,169,38,1163,0,0,0,0,1,0,0,0,0,0,1
1,0,169,101,30,70,1,2,169,38,1216,0,0,0,0,1,0,0,0,0,0,1
0,1,169,101,30,70,1,2,169,38,1270,0,0,0,0,1,0,0,0,0,0,0
0,1,169,101,30,70,1,2,169,38,1190,0,0,0,0,1,0,0,0,0,0,0
0,1,169,101,30,70,1,2,169,38,1220,0,0,0,0,1,0,0,0,0,0,0
0,1,169,101,30,70,1,2,169,38,1273,0,0,0,0,1,0,0,0,0,0,0
1,0,169,101,30,70,1,2,169,38,1171,0,0,0,0,1,0,0,0,0,0,1
0,1,169,101,30,70,1,2,169,38,1265,0,0,0,0,1,0,0,0,0,0,0
0,1,169,101,30,70,1,2,169,38,1225,0,0,0,0,1,0,0,0,0,0,0
1,0,316,686,477,2,207,1,100,16,114,0,0,0,0,1,0,0,0,0,0,1
1,0,316,476,274,2,200,2,100,14,114,0,0,0,0,1,0,0,0,0,0,1
1,0,370,809,558,2,249,1,121,17,138,0,0,0,0,1,0,0,0,0,0,1
1,0,370,557,313,2,242,2,121,17,138,0,0,0,0,1,0,0,0,0,0,1
1,0,428,942,645,2,295,1,144,32,189,0,0,0,0,1,0,0,0,0,0,1
1,0,428,644,354,2,288,2,144,21,165,0,0,0,0,1,0,0,0,0,0,1
1,0,490,1085,738,2,345,1,169,32,193,0,0,0,0,1,0,0,0,0,0,1
1,0,490,737,397,2,338,2,169,24,193,0,0,0,0,1,0,0,0,0,0,1
1,0,220,470,333,2,135,1,64,9,73,0,0,0,0,1,0,0,0,0,0,1
1,0,220,332,202,2,128,2,64,9,73,0,0,0,0,1,0,0,0,0,0,1
1,0,266,573,402,2,169,1,81,12,93,0,0,0,0,1,0,0,0,0,0,1
1,0,266,401,237,2,162,2,81,12,93,0,0,0,0,1,0,0,0,0,0,1
1,0,2025,410,180,230,0,45,81,2,83,0,0,0,0,0,0,1,0,0,0,1
1,0,4356,600,264,336,0,66,121,2,123,0,0,0,0,0,0,1,0,0,0,1
1,0,8281,826,364,462,0,91,169,2,171,0,0,0,0,0,0,1,0,0,0,1
1,0,14400,1088,480,608,0,120,225,2,227,0,0,0,0,0,0,1,0,0,0,1
0,1,23409,1386,612,774,0,153,289,2,291,0,0,0,0,0,0,1,0,0,0,0
1,0,784,256,112,144,0,28,49,2,51,0,0,0,0,0,0,1,0,0,0,1
0,1,10100,201,101,100,0,100,101,1,102,0,0,1,0,0,0,0,0,0,0,0
0,1,10500,205,105,100,0,100,105,1,106,0,0,1,0,0,0,0,0,0,0,0
0,1,110,21,11,10,0,10,11,1,12,0,0,1,0,0,0,0,0,0,0,0
0,1,150,25,15,10,0,10,15,1,16,0,0,1,0,0,0,0,0,0,0,0
0,1,420,41,21,20,0,20,21,1,22,0,0,1,0,0,0,0,0,0,0,0
0,1,500,45,25,20,0,20,25,1,26,0,0,1,0,0,0,0,0,0,0,0
0,1,930,61,31,30,0,30,31,1,32,0,0,1,0,0,0,0,0,0,0,0
0,1,1050,65,35,30,0,30,35,1,36,0,0,1,0,0,0,0,0,0,0,0
0,1,1640,81,41,40,0,40,41,1,42,0,0,1,0,0,0,0,0,0,0,0
0,1,1800,85,45,40,0,40,45,1,46,0,0,1,0,0,0,0,0,0,0,0
0,1,2550,101,51,50,0,50,51,1,52,0,0,1,0,0,0,0,0,0,0,0
0,1,2750,105,55,50,0,50,55,1,56,0,0,1,0,0,0,0,0,0,0,0
0,1,3660,121,61,60,0,60,61,1,62,0,0,1,0,0,0,0,0,0,0,0
0,1,3900,125,65,60,0,60,65,1,66,0,0,1,0,0,0,0,0,0,0,0
0,1,4970,141,71,70,0,70,71,1,72,0,0,1,0,0,0,0,0,0,0,0
0,1,5250,145,75,70,0,70,75,1,76,0,0,1,0,0,0,0,0,0,0,0
0,1,6480,161,81,80,0,80,81,1,82,0,0,1,0,0,0,0,0,0,0,0
0,1,6800,165,85,80,0,80,85,1,86,0,0,1,0,0,0,0,0,0,0,0
0,1,8190,181,91,90,0,90,91,1,92,0,0,1,0,0,0,0,0,0,0,0
0,1,8550,185,95,90,0,90,95,1,96,0,0,1,0,0,0,0,0,0,0,0
0,1,5985,15365,14013,0,1352,1,15,165,546,0,0,0,0,0,0,0,0,1,0,0
0,1,5072,12829,11721,0,1108,1,15,165,546,0,0,0,0,0,0,0,0,1,0,0
0,1,1190,3183,3055,0,128,1,11,43,136,0,0,0,0,0,0,0,0,1,0,0
0,1,3655,8686,7982,0,704,1,15,158,539,0,0,0,0,0,0,0,0,1,0,0
0,1,495,940,800,0,140,1,13,68,257,0,0,0,0,0,0,0,0,1,0,0
0,1,1612,3653,3273,0,380,1,13,79,268,0,0,0,0,0,0,0,0,1,0,0
0,1,152,127,77,0,50,1,19,772,2305,0,0,0,0,0,0,0,0,1,0,0
0,1,274,259,159,0,100,1,13,68,257,0,0,0,0,0,0,0,0,1,0,0
0,1,237,197,123,0,74,1,19,772,2305,0,0,0,0,0,0,0,0,1,0,0
0,1,719,593,371,0,222,1,19,773,2306,0,0,0,0,0,0,0,0,1,0,0
0,1,2913,3105,2259,0,846,1,25,6518,18803,0,0,0,0,0,0,0,0,1,0,0
0,1,3618,3931,2865,0,1066,1,25,7394,19679,0,0,0,0,0,0,0,0,1,0,0
0,1,2221,3050,2330,0,720,1,19,641,2174,0,0,0,0,0,0,0,0,1,0,0
0,1,19944,50842,43898,0,6944,1,19,641,2174,0,0,0,0,0,0,0,0,1,0,0
0,1,81558,240469,235865,0,4604,1,13,68,257,0,0,0,0,0,0,0,0,1,0,0
0,1,87751,254772,247060,0,7712,1,15,130,512,0,0,0,0,0,0,0,0,1,0,0
0,1,23837,67568,64398,0,3170,1,13,66,256,0,0,0,0,0,0,0,0,1,0,0
0,1,201731,592525,579429,0,13096,1,15,131,513,0,0,0,0,0,0,0,0,1,0,0
1,0,76091,218262,207610,0,10652,2,15,131,513,0,0,0,0,0,0,0,0,1,0,1
0,1,8937,26319,26047,0,272,1,9,17,62,0,0,0,0,0,0,0,0,1,0,0
0,1,25800,76699,76319,0,380,1,9,17,62,0,0,0,0,0,0,0,0,1,0,0
0,1,62704,187107,186603,0,504,1,11,33,126,0,0,0,0,0,0,0,0,1,0,0
0,1,2355,6744,6568,0,176,1,9,17,62,0,0,0,0,0,0,0,0,1,0,0
0,1,7578,21401,20501,0,900,1,11,33,126,0,0,0,0,0,0,0,0,1,0,0
0,1,9051,25833,24941,0,892,1,11,33,126,0,0,0,0,0,0,0,0,1,0,0
0,1,6392,18058,17278,0,780,1,11,33,126,0,0,0,0,0,0,0,0,1,0,0
0,1,55066,160619,156587,0,4032,1,13,67,256,0,0,0,0,0,0,0,0,1,0,0
0,1,67,132,120,0,12,1,7,10,31,0,0,0,0,0,0,0,0,1,0,0
0,1,1328,3349,3165,0,184,1,11,33,126,0,0,0,0,0,0,0,0,1,0,0
0,1,6059,16684,15940,0,744,1,11,34,127,0,0,0,0,0,0,0,0,1,0,0
0,1,20445,58444,56420,0,2024,1,13,65,254,0,0,0,0,0,0,0,0,1,0,0
0,1,2152,5613,5137,0,476,1,11,35,129,0,0,0,0,0,0,0,0,1,0,0
0,1,4622,12569,11753,0,816,1,11,36,130,0,0,0,0,0,0,0,0,1,0,0
0,1,3939,10412,9740,0,672,1,13,69,258,0,0,0,0,0,0,0,0,1,0,0
0,0,23621,67526,65126,0,2400,1,13,71,261,0,0,0,0,0,0,0,0,1,0,0
0,1,21380,60984,58828,0,2156,1,13,73,262,0,0,0,0,0,0,0,0,1,0,0
0,1,49621,138346,127390,0,10956,1,15,129,510,0,0,0,0,0,0,0,0,1,0,0
0,1,109757,313451,295929,0,17522,1,15,130,512,0,0,0,0,0,0,0,0,1,0,0
0,1,77106,218779,205559,0,13220,1,15,129,510,0,0,0,0,0,0,0,0,1,0,0
0,1,168111,487525,468727,0,18798,1,15,130,512,0,0,0,0,0,0,0,0,1,0,0
0,1,18069,52475,51555,0,920,1,11,39,132,0,0,0,0,0,0,0,0,1,0,0
0,1,1804,4931,4707,0,224,1,9,19,64,0,0,0,0,0,0,0,0,1,0,0
0,1,3736,10457,10089,0,368,1,11,33,126,0,0,0,0,0,0,0,0,1,0,0
0,1,6832,19477,18953,0,524,1,11,33,126,0,0,0,0,0,0,0,0,1,0,0
0,1,11476,33090,32382,0,708,1,11,33,126,0,0,0,0,0,0,0,0,1,0,0
0,1,9071,25914,25190,0,724,1,11,39,132,0,0,0,0,0,0,0,0,1,0,0
0,1,20605,59851,58675,0,1176,1,11,41,134,0,0,0,0,0,0,0,0,1,0,0
0,1,40605,118930,117190,0,1740,1,13,65,254,0,0,0,0,0,0,0,0,1,0,0
0,1,3249,8983,8599,0,384,1,11,33,126,0,0,0,0,0,0,0,0,1,0,0
0,1,84836,245062,233598,0,11464,1,15,129,510,0,0,0,0,0,0,0,0,1,0,0
1,0,4602,30179,29160,941,78,3,29,10,103,0,0,0,1,0,0,0,0,0,0,1
1,0,4662,31725,30696,951,78,3,29,10,102,0,0,0,1,0,0,0,0,0,0,1
1,0,4632,30964,29940,946,78,3,29,10,104,0,0,0,1,0,0,0,0,0,0,1
1,0,4608,30348,29328,942,78,3,29,10,102,0,0,0,1,0,0,0,0,0,0,1
1,0,4626,30747,29724,945,78,3,29,10,101,0,0,0,1,0,0,0,0,0,0,1
1,0,4644,31254,30228,948,78,3,29,10,104,0,0,0,1,0,0,0,0,0,0,1
